Workbook

Sheet RAW_DATA
A1: Age | B1: Attrition | C1: Department | D1: DistanceFromHome | E1: Education | F1: EducationField | G1: EnvironmentSatisfaction | H1: JobSatisfaction | I1: MaritalStatus | J1: MonthlyIncome | K1: NumCompaniesWorked | L1: WorkLifeBalance | M1: YearsAtCompany
A2: 41 | B2: Yes | C2: Sales | D2: 1 | E2: 2 | F2: Life Sciences | G2: 2 | H2: 4 | I2: Single | J2: 5993 | K2: 8 | L2: 1 | M2: 6
A3: 49 | B3: No | C3: Research & Development | D3: 8 | E3: 1 | F3: Life Sciences | G3: 3 | H3: 2 | I3: Married | J3: 5130 | K3: 1 | L3: 3 | M3: 10
A4: 37 | B4: Yes | C4: Research & Development | D4: 2 | E4: 2 | F4: Other | G4: 4 | H4: 3 | I4: Single | J4: 2090 | K4: 6 | L4: 3 | M4: 0
A5: 33 | B5: No | C5: Research & Development | D5: 3 | E5: 4 | F5: Life Sciences | G5: 4 | H5: 3 | I5: Married | J5: 2909 | K5: 1 | L5: 3 | M5: 8
A6: 27 | B6: No | C6: Research & Development | D6: 2 | E6: 1 | F6: Medical | G6: 1 | H6: 2 | I6: Married | J6: 3468 | K6: 9 | L6: 3 | M6: 2
A7: 32 | B7: No | C7: Research & Development | D7: 2 | E7: 2 | F7: Life Sciences | G7: 4 | H7: 4 | I7: Single | J7: 3068 | K7: 0 | L7: 2 | M7: 7
A8: 59 | B8: No | C8: Research & Development | D8: 3 | E8: 3 | F8: Medical | G8: 3 | H8: 1 | I8: Married | J8: 2670 | K8: 4 | L8: 2 | M8: 1
A9: 30 | B9: No | C9: Research & Development | D9: 24 | E9: 1 | F9: Life Sciences | G9: 4 | H9: 3 | I9: Divorced | J9: 2693 | K9: 1 | L9: 3 | M9: 1
A10: 38 | B10: No | C10: Research & Development | D10: 23 | E10: 3 | F10: Life Sciences | G10: 4 | H10: 3 | I10: Single | J10: 9526 | K10: 0 | L10: 3 | M10: 9
A11: 36 | B11: No | C11: Research & Development | D11: 27 | E11: 3 | F11: Medical | G11: 3 | H11: 3 | I11: Married | J11: 5237 | K11: 6 | L11: 2 | M11: 7
A12: 35 | B12: No | C12: Research & Development | D12: 16 | E12: 3 | F12: Medical | G12: 1 | H12: 2 | I12: Married | J12: 2426 | K12: 0 | L12: 3 | M12: 5
A13: 29 | B13: No | C13: Research & Development | D13: 15 | E13: 2 | F13: Life Sciences | G13: 4 | H13: 3 | I13: Single | J13: 4193 | K13: 0 | L13: 3 | M13: 9
... A1471: 34 | B1471: No | C1471: Research & Development | D1471: 8 | E1471: 3 | F1471: Medical | G1471: 2 | H1471: 3 | I1471: Married | J1471: 4404 | K1471: 2 | L1471: 4 | M1471: 4

Sheet ASSUMPTIONS
A1: Assumption | D1: Value | E1: Note
A2: Age band 1 max (Exclusive) | D2: 25 | E2: Age < this = "<25"
A3: Age band 2 max (Inclusive) | D3: 34 | E3: Age <= this = "25-34"
A4: Age band 3 max (Inclusive) | D4: 44 | E4: Age <= this = "35-44"
A5: Age band 4 max (Inclusive) | D5: 54 | E5: Age <= this = "45-54"; above = "55+"
A7: Income low max (Exclusive) | D7: 3000 | E7: MonthlyIncome < this = "Low"
A8: Income medium max (Inclusive) | D8: 7000 | E8: MonthlyIncome <= this = "Medium"; above = "High"
A10: Tenure new max (Exclusive) | D10: 2 | E10: YearsAtCompany < this = "New (0-2)"
A11: Tenure early max (Inxclusive) | D11: 5 | E11: YearsAtCompany <= this = "Early (2-5)"
A12: Tenure established max (Inxclusive) | D12: 10 | E12: YearsAtCompany <= this = "Established (5-10)"; above = "Veteran (10+)"

Sheet Clean_Data
A1: Age | B1: Attrition | C1: Department | D1: DistanceFromHome | E1: Education | F1: EducationField | G1: EnvironmentSatisfaction | H1: JobSatisfaction | I1: MaritalStatus | J1: MonthlyIncome | K1: NumCompaniesWorked | L1: WorkLifeBalance | M1: YearsAtCompany | N1: AttritionFlag | O1: AgeGroup | P1: IncomeBand | Q1: TenureGroup | R1: SatisfactionAvg
A2: =RAW_DATA!A2 -> 41 | B2: =RAW_DATA!B2 -> Yes | C2: =RAW_DATA!C2 -> Sales | D2: =RAW_DATA!D2 -> 1 | E2: =RAW_DATA!E2 -> 2 | F2: =RAW_DATA!F2 -> Life Sciences | G2: =RAW_DATA!G2 -> 2 | H2: =RAW_DATA!H2 -> 4 | ... M2: =RAW_DATA!M2 -> 6 | N2: =IF(B2 ="Yes",1,0) -> 1 | O2: {=_xlfn.IFS(A2 <ASSUMPTIONS!$D$2,"25",A2 <= ASSUMPTIONS!$D$3,"25-34",A2 <= ASSUMPTIONS!$D$4, "35-44",A2 <= ASSUMPTIONS!$D$5,"45-54",TRUE,"55+")} -> 35-44 | P2: {=_xlfn.IFS( J2 <ASSUMPTIONS!$D$7,"LOW",J2 <= ASSUMPTIONS!$D$8,"MEDIUM",TRUE, "HIGH")} -> MEDIUM | Q2: =IF(M2<ASSUMPTIONS!$D$10,"New (0-2)",IF(M2<=ASSUMPTIONS!$D$11,"Early (2-5)",IF(M2<=ASSUMPTIONS!$D$12,"Established (5-10)","Veteran (10+)"))) -> Established (5-10) | R2: =AVERAGE(G2,H2,L2) -> 2.3333333
A3: =RAW_DATA!A3 -> 49 | B3: =RAW_DATA!B3 -> No | C3: =RAW_DATA!C3 -> Research & Development | D3: =RAW_DATA!D3 -> 8 | E3: =RAW_DATA!E3 -> 1 | F3: =RAW_DATA!F3 -> Life Sciences | G3: =RAW_DATA!G3 -> 3 | H3: =RAW_DATA!H3 -> 2 | ... M3: =RAW_DATA!M3 -> 10 | N3: =IF(B3 ="Yes",1,0) -> 0 | O3: {=_xlfn.IFS(A3 <ASSUMPTIONS!$D$2,"25",A3 <= ASSUMPTIONS!$D$3,"25-34",A3 <= ASSUMPTIONS!$D$4, "35-44",A3 <= ASSUMPTIONS!$D$5,"45-54",TRUE,"55+")} -> 45-54 | P3: {=_xlfn.IFS( J3 <ASSUMPTIONS!$D$7,"LOW",J3 <= ASSUMPTIONS!$D$8,"MEDIUM",TRUE, "HIGH")} -> MEDIUM | Q3: =IF(M3<ASSUMPTIONS!$D$10,"New (0-2)",IF(M3<=ASSUMPTIONS!$D$11,"Early (2-5)",IF(M3<=ASSUMPTIONS!$D$12,"Established (5-10)","Veteran (10+)"))) -> Established (5-10) | R3: =AVERAGE(G3,H3,L3) -> 2.6666667
A4: =RAW_DATA!A4 -> 37 | B4: =RAW_DATA!B4 -> Yes | C4: =RAW_DATA!C4 -> Research & Development | D4: =RAW_DATA!D4 -> 2 | E4: =RAW_DATA!E4 -> 2 | F4: =RAW_DATA!F4 -> Other | G4: =RAW_DATA!G4 -> 4 | H4: =RAW_DATA!H4 -> 3 | ... M4: =RAW_DATA!M4 -> 0 | N4: =IF(B4 ="Yes",1,0) -> 1 | O4: {=_xlfn.IFS(A4 <ASSUMPTIONS!$D$2,"25",A4 <= ASSUMPTIONS!$D$3,"25-34",A4 <= ASSUMPTIONS!$D$4, "35-44",A4 <= ASSUMPTIONS!$D$5,"45-54",TRUE,"55+")} -> 35-44 | P4: {=_xlfn.IFS( J4 <ASSUMPTIONS!$D$7,"LOW",J4 <= ASSUMPTIONS!$D$8,"MEDIUM",TRUE, "HIGH")} -> LOW | Q4: =IF(M4<ASSUMPTIONS!$D$10,"New (0-2)",IF(M4<=ASSUMPTIONS!$D$11,"Early (2-5)",IF(M4<=ASSUMPTIONS!$D$12,"Established (5-10)","Veteran (10+)"))) -> New (0-2) | R4: =AVERAGE(G4,H4,L4) -> 3.3333333
A5: =RAW_DATA!A5 -> 33 | B5: =RAW_DATA!B5 -> No | C5: =RAW_DATA!C5 -> Research & Development | D5: =RAW_DATA!D5 -> 3 | E5: =RAW_DATA!E5 -> 4 | F5: =RAW_DATA!F5 -> Life Sciences | G5: =RAW_DATA!G5 -> 4 | H5: =RAW_DATA!H5 -> 3 | ... K5: =RAW_DATA!K5 -> 1 | L5: 3 | M5: =RAW_DATA!M5 -> 8 | N5: =IF(B5 ="Yes",1,0) -> 0 | O5: {=_xlfn.IFS(A5 <ASSUMPTIONS!$D$2,"25",A5 <= ASSUMPTIONS!$D$3,"25-34",A5 <= ASSUMPTIONS!$D$4, "35-44",A5 <= ASSUMPTIONS!$D$5,"45-54",TRUE,"55+")} -> 25-34 | P5: {=_xlfn.IFS( J5 <ASSUMPTIONS!$D$7,"LOW",J5 <= ASSUMPTIONS!$D$8,"MEDIUM",TRUE, "HIGH")} -> LOW | Q5: =IF(M5<ASSUMPTIONS!$D$10,"New (0-2)",IF(M5<=ASSUMPTIONS!$D$11,"Early (2-5)",IF(M5<=ASSUMPTIONS!$D$12,"Established (5-10)","Veteran (10+)"))) -> Established (5-10) | R5: =AVERAGE(G5,H5,L5) -> 3.3333333
A6: =RAW_DATA!A6 -> 27 | B6: =RAW_DATA!B6 -> No | C6: =RAW_DATA!C6 -> Research & Development | D6: =RAW_DATA!D6 -> 2 | E6: =RAW_DATA!E6 -> 1 | F6: =RAW_DATA!F6 -> Medical | G6: =RAW_DATA!G6 -> 1 | H6: =RAW_DATA!H6 -> 2 | ... M6: =RAW_DATA!M6 -> 2 | N6: =IF(B6 ="Yes",1,0) -> 0 | O6: {=_xlfn.IFS(A6 <ASSUMPTIONS!$D$2,"25",A6 <= ASSUMPTIONS!$D$3,"25-34",A6 <= ASSUMPTIONS!$D$4, "35-44",A6 <= ASSUMPTIONS!$D$5,"45-54",TRUE,"55+")} -> 25-34 | P6: {=_xlfn.IFS( J6 <ASSUMPTIONS!$D$7,"LOW",J6 <= ASSUMPTIONS!$D$8,"MEDIUM",TRUE, "HIGH")} -> MEDIUM | Q6: =IF(M6<ASSUMPTIONS!$D$10,"New (0-2)",IF(M6<=ASSUMPTIONS!$D$11,"Early (2-5)",IF(M6<=ASSUMPTIONS!$D$12,"Established (5-10)","Veteran (10+)"))) -> Early (2-5) | R6: =AVERAGE(G6,H6,L6) -> 2
A7: =RAW_DATA!A7 -> 32 | B7: =RAW_DATA!B7 -> No | C7: =RAW_DATA!C7 -> Research & Development | D7: =RAW_DATA!D7 -> 2 | E7: =RAW_DATA!E7 -> 2 | F7: =RAW_DATA!F7 -> Life Sciences | G7: =RAW_DATA!G7 -> 4 | H7: =RAW_DATA!H7 -> 4 | ... M7: =RAW_DATA!M7 -> 7 | N7: =IF(B7 ="Yes",1,0) -> 0 | O7: {=_xlfn.IFS(A7 <ASSUMPTIONS!$D$2,"25",A7 <= ASSUMPTIONS!$D$3,"25-34",A7 <= ASSUMPTIONS!$D$4, "35-44",A7 <= ASSUMPTIONS!$D$5,"45-54",TRUE,"55+")} -> 25-34 | P7: {=_xlfn.IFS( J7 <ASSUMPTIONS!$D$7,"LOW",J7 <= ASSUMPTIONS!$D$8,"MEDIUM",TRUE, "HIGH")} -> MEDIUM | Q7: =IF(M7<ASSUMPTIONS!$D$10,"New (0-2)",IF(M7<=ASSUMPTIONS!$D$11,"Early (2-5)",IF(M7<=ASSUMPTIONS!$D$12,"Established (5-10)","Veteran (10+)"))) -> Established (5-10) | R7: =AVERAGE(G7,H7,L7) -> 3.3333333
A8: =RAW_DATA!A8 -> 59 | B8: =RAW_DATA!B8 -> No | C8: =RAW_DATA!C8 -> Research & Development | D8: =RAW_DATA!D8 -> 3 | E8: =RAW_DATA!E8 -> 3 | F8: =RAW_DATA!F8 -> Medical | G8: =RAW_DATA!G8 -> 3 | H8: =RAW_DATA!H8 -> 1 | ... M8: =RAW_DATA!M8 -> 1 | N8: =IF(B8 ="Yes",1,0) -> 0 | O8: {=_xlfn.IFS(A8 <ASSUMPTIONS!$D$2,"25",A8 <= ASSUMPTIONS!$D$3,"25-34",A8 <= ASSUMPTIONS!$D$4, "35-44",A8 <= ASSUMPTIONS!$D$5,"45-54",TRUE,"55+")} -> 55+ | P8: {=_xlfn.IFS( J8 <ASSUMPTIONS!$D$7,"LOW",J8 <= ASSUMPTIONS!$D$8,"MEDIUM",TRUE, "HIGH")} -> LOW | Q8: =IF(M8<ASSUMPTIONS!$D$10,"New (0-2)",IF(M8<=ASSUMPTIONS!$D$11,"Early (2-5)",IF(M8<=ASSUMPTIONS!$D$12,"Established (5-10)","Veteran (10+)"))) -> New (0-2) | R8: =AVERAGE(G8,H8,L8) -> 2
A9: =RAW_DATA!A9 -> 30 | B9: =RAW_DATA!B9 -> No | C9: =RAW_DATA!C9 -> Research & Development | D9: =RAW_DATA!D9 -> 24 | E9: =RAW_DATA!E9 -> 1 | F9: =RAW_DATA!F9 -> Life Sciences | G9: =RAW_DATA!G9 -> 4 | H9: =RAW_DATA!H9 -> 3 | ... M9: =RAW_DATA!M9 -> 1 | N9: =IF(B9 ="Yes",1,0) -> 0 | O9: {=_xlfn.IFS(A9 <ASSUMPTIONS!$D$2,"25",A9 <= ASSUMPTIONS!$D$3,"25-34",A9 <= ASSUMPTIONS!$D$4, "35-44",A9 <= ASSUMPTIONS!$D$5,"45-54",TRUE,"55+")} -> 25-34 | P9: {=_xlfn.IFS( J9 <ASSUMPTIONS!$D$7,"LOW",J9 <= ASSUMPTIONS!$D$8,"MEDIUM",TRUE, "HIGH")} -> LOW | Q9: =IF(M9<ASSUMPTIONS!$D$10,"New (0-2)",IF(M9<=ASSUMPTIONS!$D$11,"Early (2-5)",IF(M9<=ASSUMPTIONS!$D$12,"Established (5-10)","Veteran (10+)"))) -> New (0-2) | R9: =AVERAGE(G9,H9,L9) -> 3.3333333
A10: =RAW_DATA!A10 -> 38 | B10: =RAW_DATA!B10 -> No | C10: =RAW_DATA!C10 -> Research & Development | D10: =RAW_DATA!D10 -> 23 | E10: =RAW_DATA!E10 -> 3 | F10: =RAW_DATA!F10 -> Life Sciences | G10: =RAW_DATA!G10 -> 4 | H10: =RAW_DATA!H10 -> 3 | ... M10: =RAW_DATA!M10 -> 9 | N10: =IF(B10 ="Yes",1,0) -> 0 | O10: {=_xlfn.IFS(A10 <ASSUMPTIONS!$D$2,"25",A10 <= ASSUMPTIONS!$D$3,"25-34",A10 <= ASSUMPTIONS!$D$4, "35-44",A10 <= ASSUMPTIONS!$D$5,"45-54",TRUE,"55+")} -> 35-44 | P10: {=_xlfn.IFS( J10 <ASSUMPTIONS!$D$7,"LOW",J10 <= ASSUMPTIONS!$D$8,"MEDIUM",TRUE, "HIGH")} -> HIGH | Q10: =IF(M10<ASSUMPTIONS!$D$10,"New (0-2)",IF(M10<=ASSUMPTIONS!$D$11,"Early (2-5)",IF(M10<=ASSUMPTIONS!$D$12,"Established (5-10)","Veteran (10+)"))) -> Established (5-10) | R10: =AVERAGE(G10,H10,L10) -> 3.3333333
A11: =RAW_DATA!A11 -> 36 | B11: =RAW_DATA!B11 -> No | C11: =RAW_DATA!C11 -> Research & Development | D11: =RAW_DATA!D11 -> 27 | E11: =RAW_DATA!E11 -> 3 | F11: =RAW_DATA!F11 -> Medical | G11: =RAW_DATA!G11 -> 3 | H11: =RAW_DATA!H11 -> 3 | ... M11: =RAW_DATA!M11 -> 7 | N11: =IF(B11 ="Yes",1,0) -> 0 | O11: {=_xlfn.IFS(A11 <ASSUMPTIONS!$D$2,"25",A11 <= ASSUMPTIONS!$D$3,"25-34",A11 <= ASSUMPTIONS!$D$4, "35-44",A11 <= ASSUMPTIONS!$D$5,"45-54",TRUE,"55+")} -> 35-44 | P11: {=_xlfn.IFS( J11 <ASSUMPTIONS!$D$7,"LOW",J11 <= ASSUMPTIONS!$D$8,"MEDIUM",TRUE, "HIGH")} -> MEDIUM | Q11: =IF(M11<ASSUMPTIONS!$D$10,"New (0-2)",IF(M11<=ASSUMPTIONS!$D$11,"Early (2-5)",IF(M11<=ASSUMPTIONS!$D$12,"Established (5-10)","Veteran (10+)"))) -> Established (5-10) | R11: =AVERAGE(G11,H11,L11) -> 2.6666667
A12: =RAW_DATA!A12 -> 35 | B12: =RAW_DATA!B12 -> No | C12: =RAW_DATA!C12 -> Research & Development | D12: =RAW_DATA!D12 -> 16 | E12: =RAW_DATA!E12 -> 3 | F12: =RAW_DATA!F12 -> Medical | G12: =RAW_DATA!G12 -> 1 | H12: =RAW_DATA!H12 -> 2 | ... M12: =RAW_DATA!M12 -> 5 | N12: =IF(B12 ="Yes",1,0) -> 0 | O12: {=_xlfn.IFS(A12 <ASSUMPTIONS!$D$2,"25",A12 <= ASSUMPTIONS!$D$3,"25-34",A12 <= ASSUMPTIONS!$D$4, "35-44",A12 <= ASSUMPTIONS!$D$5,"45-54",TRUE,"55+")} -> 35-44 | P12: {=_xlfn.IFS( J12 <ASSUMPTIONS!$D$7,"LOW",J12 <= ASSUMPTIONS!$D$8,"MEDIUM",TRUE, "HIGH")} -> LOW | Q12: =IF(M12<ASSUMPTIONS!$D$10,"New (0-2)",IF(M12<=ASSUMPTIONS!$D$11,"Early (2-5)",IF(M12<=ASSUMPTIONS!$D$12,"Established (5-10)","Veteran (10+)"))) -> Early (2-5) | R12: =AVERAGE(G12,H12,L12) -> 2
A13: =RAW_DATA!A13 -> 29 | B13: =RAW_DATA!B13 -> No | C13: =RAW_DATA!C13 -> Research & Development | D13: =RAW_DATA!D13 -> 15 | E13: =RAW_DATA!E13 -> 2 | F13: =RAW_DATA!F13 -> Life Sciences | G13: =RAW_DATA!G13 -> 4 | H13: =RAW_DATA!H13 -> 3 | ... M13: =RAW_DATA!M13 -> 9 | N13: =IF(B13 ="Yes",1,0) -> 0 | O13: {=_xlfn.IFS(A13 <ASSUMPTIONS!$D$2,"25",A13 <= ASSUMPTIONS!$D$3,"25-34",A13 <= ASSUMPTIONS!$D$4, "35-44",A13 <= ASSUMPTIONS!$D$5,"45-54",TRUE,"55+")} -> 25-34 | P13: {=_xlfn.IFS( J13 <ASSUMPTIONS!$D$7,"LOW",J13 <= ASSUMPTIONS!$D$8,"MEDIUM",TRUE, "HIGH")} -> MEDIUM | Q13: =IF(M13<ASSUMPTIONS!$D$10,"New (0-2)",IF(M13<=ASSUMPTIONS!$D$11,"Early (2-5)",IF(M13<=ASSUMPTIONS!$D$12,"Established (5-10)","Veteran (10+)"))) -> Established (5-10) | R13: =AVERAGE(G13,H13,L13) -> 3.3333333
A14: =RAW_DATA!A14 -> 31 | B14: =RAW_DATA!B14 -> No | C14: =RAW_DATA!C14 -> Research & Development | D14: =RAW_DATA!D14 -> 26 | E14: =RAW_DATA!E14 -> 1 | F14: =RAW_DATA!F14 -> Life Sciences | G14: =RAW_DATA!G14 -> 1 | H14: =RAW_DATA!H14 -> 3 | ... M14: =RAW_DATA!M14 -> 5 | N14: =IF(B14 ="Yes",1,0) -> 0 | O14: {=_xlfn.IFS(A14 <ASSUMPTIONS!$D$2,"25",A14 <= ASSUMPTIONS!$D$3,"25-34",A14 <= ASSUMPTIONS!$D$4, "35-44",A14 <= ASSUMPTIONS!$D$5,"45-54",TRUE,"55+")} -> 25-34 | P14: {=_xlfn.IFS( J14 <ASSUMPTIONS!$D$7,"LOW",J14 <= ASSUMPTIONS!$D$8,"MEDIUM",TRUE, "HIGH")} -> LOW | Q14: =IF(M14<ASSUMPTIONS!$D$10,"New (0-2)",IF(M14<=ASSUMPTIONS!$D$11,"Early (2-5)",IF(M14<=ASSUMPTIONS!$D$12,"Established (5-10)","Veteran (10+)"))) -> Early (2-5) | R14: =AVERAGE(G14,H14,L14) -> 2
A15: =RAW_DATA!A15 -> 34 | B15: =RAW_DATA!B15 -> No | C15: =RAW_DATA!C15 -> Research & Development | D15: =RAW_DATA!D15 -> 19 | E15: =RAW_DATA!E15 -> 2 | F15: =RAW_DATA!F15 -> Medical | G15: =RAW_DATA!G15 -> 2 | H15: =RAW_DATA!H15 -> 4 | ... M15: =RAW_DATA!M15 -> 2 | N15: =IF(B15 ="Yes",1,0) -> 0 | O15: {=_xlfn.IFS(A15 <ASSUMPTIONS!$D$2,"25",A15 <= ASSUMPTIONS!$D$3,"25-34",A15 <= ASSUMPTIONS!$D$4, "35-44",A15 <= ASSUMPTIONS!$D$5,"45-54",TRUE,"55+")} -> 25-34 | P15: {=_xlfn.IFS( J15 <ASSUMPTIONS!$D$7,"LOW",J15 <= ASSUMPTIONS!$D$8,"MEDIUM",TRUE, "HIGH")} -> LOW | Q15: =IF(M15<ASSUMPTIONS!$D$10,"New (0-2)",IF(M15<=ASSUMPTIONS!$D$11,"Early (2-5)",IF(M15<=ASSUMPTIONS!$D$12,"Established (5-10)","Veteran (10+)"))) -> Early (2-5) | R15: =AVERAGE(G15,H15,L15) -> 3
A16: =RAW_DATA!A16 -> 28 | B16: =RAW_DATA!B16 -> Yes | C16: =RAW_DATA!C16 -> Research & Development | D16: =RAW_DATA!D16 -> 24 | E16: =RAW_DATA!E16 -> 3 | F16: =RAW_DATA!F16 -> Life Sciences | G16: =RAW_DATA!G16 -> 3 | H16: =RAW_DATA!H16 -> 3 | ... M16: =RAW_DATA!M16 -> 4 | N16: =IF(B16 ="Yes",1,0) -> 1 | O16: {=_xlfn.IFS(A16 <ASSUMPTIONS!$D$2,"25",A16 <= ASSUMPTIONS!$D$3,"25-34",A16 <= ASSUMPTIONS!$D$4, "35-44",A16 <= ASSUMPTIONS!$D$5,"45-54",TRUE,"55+")} -> 25-34 | P16: {=_xlfn.IFS( J16 <ASSUMPTIONS!$D$7,"LOW",J16 <= ASSUMPTIONS!$D$8,"MEDIUM",TRUE, "HIGH")} -> LOW | Q16: =IF(M16<ASSUMPTIONS!$D$10,"New (0-2)",IF(M16<=ASSUMPTIONS!$D$11,"Early (2-5)",IF(M16<=ASSUMPTIONS!$D$12,"Established (5-10)","Veteran (10+)"))) -> Early (2-5) | R16: =AVERAGE(G16,H16,L16) -> 3
A17: =RAW_DATA!A17 -> 29 | B17: =RAW_DATA!B17 -> No | C17: =RAW_DATA!C17 -> Research & Development | D17: =RAW_DATA!D17 -> 21 | E17: =RAW_DATA!E17 -> 4 | F17: =RAW_DATA!F17 -> Life Sciences | G17: =RAW_DATA!G17 -> 2 | H17: =RAW_DATA!H17 -> 1 | ... M17: =RAW_DATA!M17 -> 10 | N17: =IF(B17 ="Yes",1,0) -> 0 | O17: {=_xlfn.IFS(A17 <ASSUMPTIONS!$D$2,"25",A17 <= ASSUMPTIONS!$D$3,"25-34",A17 <= ASSUMPTIONS!$D$4, "35-44",A17 <= ASSUMPTIONS!$D$5,"45-54",TRUE,"55+")} -> 25-34 | P17: {=_xlfn.IFS( J17 <ASSUMPTIONS!$D$7,"LOW",J17 <= ASSUMPTIONS!$D$8,"MEDIUM",TRUE, "HIGH")} -> HIGH | Q17: =IF(M17<ASSUMPTIONS!$D$10,"New (0-2)",IF(M17<=ASSUMPTIONS!$D$11,"Early (2-5)",IF(M17<=ASSUMPTIONS!$D$12,"Established (5-10)","Veteran (10+)"))) -> Established (5-10) | R17: =AVERAGE(G17,H17,L17) -> 2
... A1471: =RAW_DATA!A1471 -> 34 | B1471: =RAW_DATA!B1471 -> No | C1471: =RAW_DATA!C1471 -> Research & Development | D1471: =RAW_DATA!D1471 -> 8 | E1471: =RAW_DATA!E1471 -> 3 | F1471: =RAW_DATA!F1471 -> Medical | G1471: =RAW_DATA!G1471 -> 2 | H1471: =RAW_DATA!H1471 -> 3 | ... M1471: =RAW_DATA!M1471 -> 4 | N1471: =IF(B1471 ="Yes",1,0) -> 0 | O1471: {=_xlfn.IFS(A1471 <ASSUMPTIONS!$D$2,"25",A1471 <= ASSUMPTIONS!$D$3,"25-34",A1471 <= ASSUMPTIONS!$D$4, "35-44",A1471 <= ASSUMPTIONS!$D$5,"45-54",TRUE,"55+")} -> 25-34 | P1471: {=_xlfn.IFS( J1471 <ASSUMPTIONS!$D$7,"LOW",J1471 <= ASSUMPTIONS!$D$8,"MEDIUM",TRUE, "HIGH")} -> MEDIUM | Q1471: =IF(M1471<ASSUMPTIONS!$D$10,"New (0-2)",IF(M1471<=ASSUMPTIONS!$D$11,"Early (2-5)",IF(M1471<=ASSUMPTIONS!$D$12,"Established (5-10)","Veteran (10+)"))) -> Early (2-5) | R1471: =AVERAGE(G1471,H1471,L1471) -> 3
