Workbook

Sheet RAW_DATA
A1: Age | B1: Attrition | C1: Department | D1: DistanceFromHome | E1: Education | F1: EducationField | G1: EnvironmentSatisfaction | H1: JobSatisfaction | I1: MaritalStatus | J1: MonthlyIncome | K1: NumCompaniesWorked | L1: WorkLifeBalance | M1: YearsAtCompany
A2: 41 | B2: Yes | C2: Sales | D2: 1 | E2: 2 | F2: Life Sciences | G2: 2 | H2: 4 | I2: Single | J2: 5993 | K2: 8 | L2: 1 | M2: 6
A3: 49 | B3: No | C3: Research & Development | D3: 8 | E3: 1 | F3: Life Sciences | G3: 3 | H3: 2 | I3: Married | J3: 5130 | K3: 1 | L3: 3 | M3: 10
A4: 37 | B4: Yes | C4: Research & Development | D4: 2 | E4: 2 | F4: Other | G4: 4 | H4: 3 | I4: Single | J4: 2090 | K4: 6 | L4: 3 | M4: 0
A5: 33 | B5: No | C5: Research & Development | D5: 3 | E5: 4 | F5: Life Sciences | G5: 4 | H5: 3 | I5: Married | J5: 2909 | K5: 1 | L5: 3 | M5: 8
A6: 27 | B6: No | C6: Research & Development | D6: 2 | E6: 1 | F6: Medical | G6: 1 | H6: 2 | I6: Married | J6: 3468 | K6: 9 | L6: 3 | M6: 2
A7: 32 | B7: No | C7: Research & Development | D7: 2 | E7: 2 | F7: Life Sciences | G7: 4 | H7: 4 | I7: Single | J7: 3068 | K7: 0 | L7: 2 | M7: 7
A8: 59 | B8: No | C8: Research & Development | D8: 3 | E8: 3 | F8: Medical | G8: 3 | H8: 1 | I8: Married | J8: 2670 | K8: 4 | L8: 2 | M8: 1
A9: 30 | B9: No | C9: Research & Development | D9: 24 | E9: 1 | F9: Life Sciences | G9: 4 | H9: 3 | I9: Divorced | J9: 2693 | K9: 1 | L9: 3 | M9: 1
A10: 38 | B10: No | C10: Research & Development | D10: 23 | E10: 3 | F10: Life Sciences | G10: 4 | H10: 3 | I10: Single | J10: 9526 | K10: 0 | L10: 3 | M10: 9
A11: 36 | B11: No | C11: Research & Development | D11: 27 | E11: 3 | F11: Medical | G11: 3 | H11: 3 | I11: Married | J11: 5237 | K11: 6 | L11: 2 | M11: 7
A12: 35 | B12: No | C12: Research & Development | D12: 16 | E12: 3 | F12: Medical | G12: 1 | H12: 2 | I12: Married | J12: 2426 | K12: 0 | L12: 3 | M12: 5
A13: 29 | B13: No | C13: Research & Development | D13: 15 | E13: 2 | F13: Life Sciences | G13: 4 | H13: 3 | I13: Single | J13: 4193 | K13: 0 | L13: 3 | M13: 9
... A1471: 34 | B1471: No | C1471: Research & Development | D1471: 8 | E1471: 3 | F1471: Medical | G1471: 2 | H1471: 3 | I1471: Married | J1471: 4404 | K1471: 2 | L1471: 4 | M1471: 4

Sheet Clean_Data
A1: Age | B1: Attrition | C1: Department | D1: DistanceFromHome | E1: Education | F1: EducationField | G1: EnvironmentSatisfaction | H1: JobSatisfaction | I1: MaritalStatus | J1: MonthlyIncome | K1: NumCompaniesWorked | L1: WorkLifeBalance | M1: YearsAtCompany | N1: AttritionFlag | O1: AgeGroup | P1: IncomeBand | Q1: TenureGroup | R1: SatisfactionAvg | S1: EducationLabel | T1: EnvSatisfactionLabel | U1: JobSatisfactionLabel | V1: WLBLabel
A2: =RAW_DATA!A2 -> 41 | B2: =RAW_DATA!B2 -> Yes | C2: =RAW_DATA!C2 -> Sales | D2: =RAW_DATA!D2 -> 1 | E2: =RAW_DATA!E2 -> 2 | F2: =RAW_DATA!F2 -> Life Sciences | G2: =RAW_DATA!G2 -> 2 | H2: =RAW_DATA!H2 -> 4 | ... M2: =RAW_DATA!M2 -> 6 | N2: =IF(B2 ="Yes",1,0) -> 1 | O2: =VLOOKUP(A2, Lookup_Tables!$G$2:$H$6,2,TRUE) -> 35-44 | P2: =_xlfn.XLOOKUP(J2,Lookup_Tables!$J$2:$J$4,Lookup_Tables!$K$2:$K$4, " ",-1) -> Medium | Q2: =_xlfn.XLOOKUP(M2, Lookup_Tables!$M$2:$M$5,Lookup_Tables!$N$2:$N$5," ", -1) -> Established (5-10) | R2: =AVERAGE(G2,H2,L2) -> 2.3333333 | S2: =_xlfn.XLOOKUP( E2, Lookup_Tables!$A$2:$A$6,Lookup_Tables!$B$2:$B$6," ", -1) -> College | T2: =_xlfn.XLOOKUP(G2,Lookup_Tables!$D$2:$D$5,Lookup_Tables!$E$2:$E$5) -> Medium | U2: =_xlfn.XLOOKUP(H2,Lookup_Tables!$D$2:$D$5,Lookup_Tables!$E$2:$E$5) -> Very High | V2: =_xlfn.XLOOKUP(L2,Lookup_Tables!$D$2:$D$5,Lookup_Tables!$E$2:$E$5) -> Low
A3: =RAW_DATA!A3 -> 49 | B3: =RAW_DATA!B3 -> No | C3: =RAW_DATA!C3 -> Research & Development | D3: =RAW_DATA!D3 -> 8 | E3: =RAW_DATA!E3 -> 1 | F3: =RAW_DATA!F3 -> Life Sciences | G3: =RAW_DATA!G3 -> 3 | H3: =RAW_DATA!H3 -> 2 | ... M3: =RAW_DATA!M3 -> 10 | N3: =IF(B3 ="Yes",1,0) -> 0 | O3: =VLOOKUP(A3, Lookup_Tables!$G$2:$H$6,2,TRUE) -> 45-54 | P3: =_xlfn.XLOOKUP(J3,Lookup_Tables!$J$2:$J$4,Lookup_Tables!$K$2:$K$4, " ",-1) -> Medium | Q3: =_xlfn.XLOOKUP(M3, Lookup_Tables!$M$2:$M$5,Lookup_Tables!$N$2:$N$5," ", -1) -> Veteran (10+) | R3: =AVERAGE(G3,H3,L3) -> 2.6666667 | S3: =_xlfn.XLOOKUP( E3, Lookup_Tables!$A$2:$A$6,Lookup_Tables!$B$2:$B$6," ", -1) -> Below College | T3: =_xlfn.XLOOKUP(G3,Lookup_Tables!$D$2:$D$5,Lookup_Tables!$E$2:$E$5) -> High | U3: =_xlfn.XLOOKUP(H3,Lookup_Tables!$D$2:$D$5,Lookup_Tables!$E$2:$E$5) -> Medium | V3: =_xlfn.XLOOKUP(L3,Lookup_Tables!$D$2:$D$5,Lookup_Tables!$E$2:$E$5) -> High
A4: =RAW_DATA!A4 -> 37 | B4: =RAW_DATA!B4 -> Yes | C4: =RAW_DATA!C4 -> Research & Development | D4: =RAW_DATA!D4 -> 2 | E4: =RAW_DATA!E4 -> 2 | F4: =RAW_DATA!F4 -> Other | G4: =RAW_DATA!G4 -> 4 | H4: =RAW_DATA!H4 -> 3 | ... M4: =RAW_DATA!M4 -> 0 | N4: =IF(B4 ="Yes",1,0) -> 1 | O4: =VLOOKUP(A4, Lookup_Tables!$G$2:$H$6,2,TRUE) -> 35-44 | P4: =_xlfn.XLOOKUP(J4,Lookup_Tables!$J$2:$J$4,Lookup_Tables!$K$2:$K$4, " ",-1) -> Low | Q4: =_xlfn.XLOOKUP(M4, Lookup_Tables!$M$2:$M$5,Lookup_Tables!$N$2:$N$5," ", -1) -> New (0-2) | R4: =AVERAGE(G4,H4,L4) -> 3.3333333 | S4: =_xlfn.XLOOKUP( E4, Lookup_Tables!$A$2:$A$6,Lookup_Tables!$B$2:$B$6," ", -1) -> College | T4: =_xlfn.XLOOKUP(G4,Lookup_Tables!$D$2:$D$5,Lookup_Tables!$E$2:$E$5) -> Very High | U4: =_xlfn.XLOOKUP(H4,Lookup_Tables!$D$2:$D$5,Lookup_Tables!$E$2:$E$5) -> High | V4: =_xlfn.XLOOKUP(L4,Lookup_Tables!$D$2:$D$5,Lookup_Tables!$E$2:$E$5) -> High
A5: =RAW_DATA!A5 -> 33 | B5: =RAW_DATA!B5 -> No | C5: =RAW_DATA!C5 -> Research & Development | D5: =RAW_DATA!D5 -> 3 | E5: =RAW_DATA!E5 -> 4 | F5: =RAW_DATA!F5 -> Life Sciences | G5: =RAW_DATA!G5 -> 4 | H5: =RAW_DATA!H5 -> 3 | ... K5: =RAW_DATA!K5 -> 1 | L5: 3 | M5: =RAW_DATA!M5 -> 8 | N5: =IF(B5 ="Yes",1,0) -> 0 | O5: =VLOOKUP(A5, Lookup_Tables!$G$2:$H$6,2,TRUE) -> 25-34 | P5: =_xlfn.XLOOKUP(J5,Lookup_Tables!$J$2:$J$4,Lookup_Tables!$K$2:$K$4, " ",-1) -> Low | Q5: =_xlfn.XLOOKUP(M5, Lookup_Tables!$M$2:$M$5,Lookup_Tables!$N$2:$N$5," ", -1) -> Established (5-10) | R5: =AVERAGE(G5,H5,L5) -> 3.3333333 | S5: =_xlfn.XLOOKUP( E5, Lookup_Tables!$A$2:$A$6,Lookup_Tables!$B$2:$B$6," ", -1) -> Master | T5: =_xlfn.XLOOKUP(G5,Lookup_Tables!$D$2:$D$5,Lookup_Tables!$E$2:$E$5) -> Very High | U5: =_xlfn.XLOOKUP(H5,Lookup_Tables!$D$2:$D$5,Lookup_Tables!$E$2:$E$5) -> High | V5: =_xlfn.XLOOKUP(L5,Lookup_Tables!$D$2:$D$5,Lookup_Tables!$E$2:$E$5) -> High
A6: =RAW_DATA!A6 -> 27 | B6: =RAW_DATA!B6 -> No | C6: =RAW_DATA!C6 -> Research & Development | D6: =RAW_DATA!D6 -> 2 | E6: =RAW_DATA!E6 -> 1 | F6: =RAW_DATA!F6 -> Medical | G6: =RAW_DATA!G6 -> 1 | H6: =RAW_DATA!H6 -> 2 | ... M6: =RAW_DATA!M6 -> 2 | N6: =IF(B6 ="Yes",1,0) -> 0 | O6: =VLOOKUP(A6, Lookup_Tables!$G$2:$H$6,2,TRUE) -> 25-34 | P6: =_xlfn.XLOOKUP(J6,Lookup_Tables!$J$2:$J$4,Lookup_Tables!$K$2:$K$4, " ",-1) -> Medium | Q6: =_xlfn.XLOOKUP(M6, Lookup_Tables!$M$2:$M$5,Lookup_Tables!$N$2:$N$5," ", -1) -> Early (2-5) | R6: =AVERAGE(G6,H6,L6) -> 2 | S6: =_xlfn.XLOOKUP( E6, Lookup_Tables!$A$2:$A$6,Lookup_Tables!$B$2:$B$6," ", -1) -> Below College | T6: =_xlfn.XLOOKUP(G6,Lookup_Tables!$D$2:$D$5,Lookup_Tables!$E$2:$E$5) -> Low | U6: =_xlfn.XLOOKUP(H6,Lookup_Tables!$D$2:$D$5,Lookup_Tables!$E$2:$E$5) -> Medium | V6: =_xlfn.XLOOKUP(L6,Lookup_Tables!$D$2:$D$5,Lookup_Tables!$E$2:$E$5) -> High
A7: =RAW_DATA!A7 -> 32 | B7: =RAW_DATA!B7 -> No | C7: =RAW_DATA!C7 -> Research & Development | D7: =RAW_DATA!D7 -> 2 | E7: =RAW_DATA!E7 -> 2 | F7: =RAW_DATA!F7 -> Life Sciences | G7: =RAW_DATA!G7 -> 4 | H7: =RAW_DATA!H7 -> 4 | ... M7: =RAW_DATA!M7 -> 7 | N7: =IF(B7 ="Yes",1,0) -> 0 | O7: =VLOOKUP(A7, Lookup_Tables!$G$2:$H$6,2,TRUE) -> 25-34 | P7: =_xlfn.XLOOKUP(J7,Lookup_Tables!$J$2:$J$4,Lookup_Tables!$K$2:$K$4, " ",-1) -> Medium | Q7: =_xlfn.XLOOKUP(M7, Lookup_Tables!$M$2:$M$5,Lookup_Tables!$N$2:$N$5," ", -1) -> Established (5-10) | R7: =AVERAGE(G7,H7,L7) -> 3.3333333 | S7: =_xlfn.XLOOKUP( E7, Lookup_Tables!$A$2:$A$6,Lookup_Tables!$B$2:$B$6," ", -1) -> College | T7: =_xlfn.XLOOKUP(G7,Lookup_Tables!$D$2:$D$5,Lookup_Tables!$E$2:$E$5) -> Very High | U7: =_xlfn.XLOOKUP(H7,Lookup_Tables!$D$2:$D$5,Lookup_Tables!$E$2:$E$5) -> Very High | V7: =_xlfn.XLOOKUP(L7,Lookup_Tables!$D$2:$D$5,Lookup_Tables!$E$2:$E$5) -> Medium
A8: =RAW_DATA!A8 -> 59 | B8: =RAW_DATA!B8 -> No | C8: =RAW_DATA!C8 -> Research & Development | D8: =RAW_DATA!D8 -> 3 | E8: =RAW_DATA!E8 -> 3 | F8: =RAW_DATA!F8 -> Medical | G8: =RAW_DATA!G8 -> 3 | H8: =RAW_DATA!H8 -> 1 | ... M8: =RAW_DATA!M8 -> 1 | N8: =IF(B8 ="Yes",1,0) -> 0 | O8: =VLOOKUP(A8, Lookup_Tables!$G$2:$H$6,2,TRUE) -> 55+ | P8: =_xlfn.XLOOKUP(J8,Lookup_Tables!$J$2:$J$4,Lookup_Tables!$K$2:$K$4, " ",-1) -> Low | Q8: =_xlfn.XLOOKUP(M8, Lookup_Tables!$M$2:$M$5,Lookup_Tables!$N$2:$N$5," ", -1) -> New (0-2) | R8: =AVERAGE(G8,H8,L8) -> 2 | S8: =_xlfn.XLOOKUP( E8, Lookup_Tables!$A$2:$A$6,Lookup_Tables!$B$2:$B$6," ", -1) -> Bachelor | T8: =_xlfn.XLOOKUP(G8,Lookup_Tables!$D$2:$D$5,Lookup_Tables!$E$2:$E$5) -> High | U8: =_xlfn.XLOOKUP(H8,Lookup_Tables!$D$2:$D$5,Lookup_Tables!$E$2:$E$5) -> Low | V8: =_xlfn.XLOOKUP(L8,Lookup_Tables!$D$2:$D$5,Lookup_Tables!$E$2:$E$5) -> Medium
A9: =RAW_DATA!A9 -> 30 | B9: =RAW_DATA!B9 -> No | C9: =RAW_DATA!C9 -> Research & Development | D9: =RAW_DATA!D9 -> 24 | E9: =RAW_DATA!E9 -> 1 | F9: =RAW_DATA!F9 -> Life Sciences | G9: =RAW_DATA!G9 -> 4 | H9: =RAW_DATA!H9 -> 3 | ... M9: =RAW_DATA!M9 -> 1 | N9: =IF(B9 ="Yes",1,0) -> 0 | O9: =VLOOKUP(A9, Lookup_Tables!$G$2:$H$6,2,TRUE) -> 25-34 | P9: =_xlfn.XLOOKUP(J9,Lookup_Tables!$J$2:$J$4,Lookup_Tables!$K$2:$K$4, " ",-1) -> Low | Q9: =_xlfn.XLOOKUP(M9, Lookup_Tables!$M$2:$M$5,Lookup_Tables!$N$2:$N$5," ", -1) -> New (0-2) | R9: =AVERAGE(G9,H9,L9) -> 3.3333333 | S9: =_xlfn.XLOOKUP( E9, Lookup_Tables!$A$2:$A$6,Lookup_Tables!$B$2:$B$6," ", -1) -> Below College | T9: =_xlfn.XLOOKUP(G9,Lookup_Tables!$D$2:$D$5,Lookup_Tables!$E$2:$E$5) -> Very High | U9: =_xlfn.XLOOKUP(H9,Lookup_Tables!$D$2:$D$5,Lookup_Tables!$E$2:$E$5) -> High | V9: =_xlfn.XLOOKUP(L9,Lookup_Tables!$D$2:$D$5,Lookup_Tables!$E$2:$E$5) -> High
A10: =RAW_DATA!A10 -> 38 | B10: =RAW_DATA!B10 -> No | C10: =RAW_DATA!C10 -> Research & Development | D10: =RAW_DATA!D10 -> 23 | E10: =RAW_DATA!E10 -> 3 | F10: =RAW_DATA!F10 -> Life Sciences | G10: =RAW_DATA!G10 -> 4 | H10: =RAW_DATA!H10 -> 3 | ... M10: =RAW_DATA!M10 -> 9 | N10: =IF(B10 ="Yes",1,0) -> 0 | O10: =VLOOKUP(A10, Lookup_Tables!$G$2:$H$6,2,TRUE) -> 35-44 | P10: =_xlfn.XLOOKUP(J10,Lookup_Tables!$J$2:$J$4,Lookup_Tables!$K$2:$K$4, " ",-1) -> High | Q10: =_xlfn.XLOOKUP(M10, Lookup_Tables!$M$2:$M$5,Lookup_Tables!$N$2:$N$5," ", -1) -> Established (5-10) | R10: =AVERAGE(G10,H10,L10) -> 3.3333333 | S10: =_xlfn.XLOOKUP( E10, Lookup_Tables!$A$2:$A$6,Lookup_Tables!$B$2:$B$6," ", -1) -> Bachelor | T10: =_xlfn.XLOOKUP(G10,Lookup_Tables!$D$2:$D$5,Lookup_Tables!$E$2:$E$5) -> Very High | U10: =_xlfn.XLOOKUP(H10,Lookup_Tables!$D$2:$D$5,Lookup_Tables!$E$2:$E$5) -> High | V10: =_xlfn.XLOOKUP(L10,Lookup_Tables!$D$2:$D$5,Lookup_Tables!$E$2:$E$5) -> High
A11: =RAW_DATA!A11 -> 36 | B11: =RAW_DATA!B11 -> No | C11: =RAW_DATA!C11 -> Research & Development | D11: =RAW_DATA!D11 -> 27 | E11: =RAW_DATA!E11 -> 3 | F11: =RAW_DATA!F11 -> Medical | G11: =RAW_DATA!G11 -> 3 | H11: =RAW_DATA!H11 -> 3 | ... M11: =RAW_DATA!M11 -> 7 | N11: =IF(B11 ="Yes",1,0) -> 0 | O11: =VLOOKUP(A11, Lookup_Tables!$G$2:$H$6,2,TRUE) -> 35-44 | P11: =_xlfn.XLOOKUP(J11,Lookup_Tables!$J$2:$J$4,Lookup_Tables!$K$2:$K$4, " ",-1) -> Medium | Q11: =_xlfn.XLOOKUP(M11, Lookup_Tables!$M$2:$M$5,Lookup_Tables!$N$2:$N$5," ", -1) -> Established (5-10) | R11: =AVERAGE(G11,H11,L11) -> 2.6666667 | S11: =_xlfn.XLOOKUP( E11, Lookup_Tables!$A$2:$A$6,Lookup_Tables!$B$2:$B$6," ", -1) -> Bachelor | T11: =_xlfn.XLOOKUP(G11,Lookup_Tables!$D$2:$D$5,Lookup_Tables!$E$2:$E$5) -> High | U11: =_xlfn.XLOOKUP(H11,Lookup_Tables!$D$2:$D$5,Lookup_Tables!$E$2:$E$5) -> High | V11: =_xlfn.XLOOKUP(L11,Lookup_Tables!$D$2:$D$5,Lookup_Tables!$E$2:$E$5) -> Medium
A12: =RAW_DATA!A12 -> 35 | B12: =RAW_DATA!B12 -> No | C12: =RAW_DATA!C12 -> Research & Development | D12: =RAW_DATA!D12 -> 16 | E12: =RAW_DATA!E12 -> 3 | F12: =RAW_DATA!F12 -> Medical | G12: =RAW_DATA!G12 -> 1 | H12: =RAW_DATA!H12 -> 2 | ... M12: =RAW_DATA!M12 -> 5 | N12: =IF(B12 ="Yes",1,0) -> 0 | O12: =VLOOKUP(A12, Lookup_Tables!$G$2:$H$6,2,TRUE) -> 35-44 | P12: =_xlfn.XLOOKUP(J12,Lookup_Tables!$J$2:$J$4,Lookup_Tables!$K$2:$K$4, " ",-1) -> Low | Q12: =_xlfn.XLOOKUP(M12, Lookup_Tables!$M$2:$M$5,Lookup_Tables!$N$2:$N$5," ", -1) -> Established (5-10) | R12: =AVERAGE(G12,H12,L12) -> 2 | S12: =_xlfn.XLOOKUP( E12, Lookup_Tables!$A$2:$A$6,Lookup_Tables!$B$2:$B$6," ", -1) -> Bachelor | T12: =_xlfn.XLOOKUP(G12,Lookup_Tables!$D$2:$D$5,Lookup_Tables!$E$2:$E$5) -> Low | U12: =_xlfn.XLOOKUP(H12,Lookup_Tables!$D$2:$D$5,Lookup_Tables!$E$2:$E$5) -> Medium | V12: =_xlfn.XLOOKUP(L12,Lookup_Tables!$D$2:$D$5,Lookup_Tables!$E$2:$E$5) -> High
A13: =RAW_DATA!A13 -> 29 | B13: =RAW_DATA!B13 -> No | C13: =RAW_DATA!C13 -> Research & Development | D13: =RAW_DATA!D13 -> 15 | E13: =RAW_DATA!E13 -> 2 | F13: =RAW_DATA!F13 -> Life Sciences | G13: =RAW_DATA!G13 -> 4 | H13: =RAW_DATA!H13 -> 3 | ... M13: =RAW_DATA!M13 -> 9 | N13: =IF(B13 ="Yes",1,0) -> 0 | O13: =VLOOKUP(A13, Lookup_Tables!$G$2:$H$6,2,TRUE) -> 25-34 | P13: =_xlfn.XLOOKUP(J13,Lookup_Tables!$J$2:$J$4,Lookup_Tables!$K$2:$K$4, " ",-1) -> Medium | Q13: =_xlfn.XLOOKUP(M13, Lookup_Tables!$M$2:$M$5,Lookup_Tables!$N$2:$N$5," ", -1) -> Established (5-10) | R13: =AVERAGE(G13,H13,L13) -> 3.3333333 | S13: =_xlfn.XLOOKUP( E13, Lookup_Tables!$A$2:$A$6,Lookup_Tables!$B$2:$B$6," ", -1) -> College | T13: =_xlfn.XLOOKUP(G13,Lookup_Tables!$D$2:$D$5,Lookup_Tables!$E$2:$E$5) -> Very High | U13: =_xlfn.XLOOKUP(H13,Lookup_Tables!$D$2:$D$5,Lookup_Tables!$E$2:$E$5) -> High | V13: =_xlfn.XLOOKUP(L13,Lookup_Tables!$D$2:$D$5,Lookup_Tables!$E$2:$E$5) -> High
A14: =RAW_DATA!A14 -> 31 | B14: =RAW_DATA!B14 -> No | C14: =RAW_DATA!C14 -> Research & Development | D14: =RAW_DATA!D14 -> 26 | E14: =RAW_DATA!E14 -> 1 | F14: =RAW_DATA!F14 -> Life Sciences | G14: =RAW_DATA!G14 -> 1 | H14: =RAW_DATA!H14 -> 3 | ... M14: =RAW_DATA!M14 -> 5 | N14: =IF(B14 ="Yes",1,0) -> 0 | O14: =VLOOKUP(A14, Lookup_Tables!$G$2:$H$6,2,TRUE) -> 25-34 | P14: =_xlfn.XLOOKUP(J14,Lookup_Tables!$J$2:$J$4,Lookup_Tables!$K$2:$K$4, " ",-1) -> Low | Q14: =_xlfn.XLOOKUP(M14, Lookup_Tables!$M$2:$M$5,Lookup_Tables!$N$2:$N$5," ", -1) -> Established (5-10) | R14: =AVERAGE(G14,H14,L14) -> 2 | S14: =_xlfn.XLOOKUP( E14, Lookup_Tables!$A$2:$A$6,Lookup_Tables!$B$2:$B$6," ", -1) -> Below College | T14: =_xlfn.XLOOKUP(G14,Lookup_Tables!$D$2:$D$5,Lookup_Tables!$E$2:$E$5) -> Low | U14: =_xlfn.XLOOKUP(H14,Lookup_Tables!$D$2:$D$5,Lookup_Tables!$E$2:$E$5) -> High | V14: =_xlfn.XLOOKUP(L14,Lookup_Tables!$D$2:$D$5,Lookup_Tables!$E$2:$E$5) -> Medium
A15: =RAW_DATA!A15 -> 34 | B15: =RAW_DATA!B15 -> No | C15: =RAW_DATA!C15 -> Research & Development | D15: =RAW_DATA!D15 -> 19 | E15: =RAW_DATA!E15 -> 2 | F15: =RAW_DATA!F15 -> Medical | G15: =RAW_DATA!G15 -> 2 | H15: =RAW_DATA!H15 -> 4 | ... M15: =RAW_DATA!M15 -> 2 | N15: =IF(B15 ="Yes",1,0) -> 0 | O15: =VLOOKUP(A15, Lookup_Tables!$G$2:$H$6,2,TRUE) -> 25-34 | P15: =_xlfn.XLOOKUP(J15,Lookup_Tables!$J$2:$J$4,Lookup_Tables!$K$2:$K$4, " ",-1) -> Low | Q15: =_xlfn.XLOOKUP(M15, Lookup_Tables!$M$2:$M$5,Lookup_Tables!$N$2:$N$5," ", -1) -> Early (2-5) | R15: =AVERAGE(G15,H15,L15) -> 3 | S15: =_xlfn.XLOOKUP( E15, Lookup_Tables!$A$2:$A$6,Lookup_Tables!$B$2:$B$6," ", -1) -> College | T15: =_xlfn.XLOOKUP(G15,Lookup_Tables!$D$2:$D$5,Lookup_Tables!$E$2:$E$5) -> Medium | U15: =_xlfn.XLOOKUP(H15,Lookup_Tables!$D$2:$D$5,Lookup_Tables!$E$2:$E$5) -> Very High | V15: =_xlfn.XLOOKUP(L15,Lookup_Tables!$D$2:$D$5,Lookup_Tables!$E$2:$E$5) -> High
A16: =RAW_DATA!A16 -> 28 | B16: =RAW_DATA!B16 -> Yes | C16: =RAW_DATA!C16 -> Research & Development | D16: =RAW_DATA!D16 -> 24 | E16: =RAW_DATA!E16 -> 3 | F16: =RAW_DATA!F16 -> Life Sciences | G16: =RAW_DATA!G16 -> 3 | H16: =RAW_DATA!H16 -> 3 | ... M16: =RAW_DATA!M16 -> 4 | N16: =IF(B16 ="Yes",1,0) -> 1 | O16: =VLOOKUP(A16, Lookup_Tables!$G$2:$H$6,2,TRUE) -> 25-34 | P16: =_xlfn.XLOOKUP(J16,Lookup_Tables!$J$2:$J$4,Lookup_Tables!$K$2:$K$4, " ",-1) -> Low | Q16: =_xlfn.XLOOKUP(M16, Lookup_Tables!$M$2:$M$5,Lookup_Tables!$N$2:$N$5," ", -1) -> Early (2-5) | R16: =AVERAGE(G16,H16,L16) -> 3 | S16: =_xlfn.XLOOKUP( E16, Lookup_Tables!$A$2:$A$6,Lookup_Tables!$B$2:$B$6," ", -1) -> Bachelor | T16: =_xlfn.XLOOKUP(G16,Lookup_Tables!$D$2:$D$5,Lookup_Tables!$E$2:$E$5) -> High | U16: =_xlfn.XLOOKUP(H16,Lookup_Tables!$D$2:$D$5,Lookup_Tables!$E$2:$E$5) -> High | V16: =_xlfn.XLOOKUP(L16,Lookup_Tables!$D$2:$D$5,Lookup_Tables!$E$2:$E$5) -> High
A17: =RAW_DATA!A17 -> 29 | B17: =RAW_DATA!B17 -> No | C17: =RAW_DATA!C17 -> Research & Development | D17: =RAW_DATA!D17 -> 21 | E17: =RAW_DATA!E17 -> 4 | F17: =RAW_DATA!F17 -> Life Sciences | G17: =RAW_DATA!G17 -> 2 | H17: =RAW_DATA!H17 -> 1 | ... M17: =RAW_DATA!M17 -> 10 | N17: =IF(B17 ="Yes",1,0) -> 0 | O17: =VLOOKUP(A17, Lookup_Tables!$G$2:$H$6,2,TRUE) -> 25-34 | P17: =_xlfn.XLOOKUP(J17,Lookup_Tables!$J$2:$J$4,Lookup_Tables!$K$2:$K$4, " ",-1) -> High | Q17: =_xlfn.XLOOKUP(M17, Lookup_Tables!$M$2:$M$5,Lookup_Tables!$N$2:$N$5," ", -1) -> Veteran (10+) | R17: =AVERAGE(G17,H17,L17) -> 2 | S17: =_xlfn.XLOOKUP( E17, Lookup_Tables!$A$2:$A$6,Lookup_Tables!$B$2:$B$6," ", -1) -> Master | T17: =_xlfn.XLOOKUP(G17,Lookup_Tables!$D$2:$D$5,Lookup_Tables!$E$2:$E$5) -> Medium | U17: =_xlfn.XLOOKUP(H17,Lookup_Tables!$D$2:$D$5,Lookup_Tables!$E$2:$E$5) -> Low | V17: =_xlfn.XLOOKUP(L17,Lookup_Tables!$D$2:$D$5,Lookup_Tables!$E$2:$E$5) -> High
... A1471: =RAW_DATA!A1471 -> 34 | B1471: =RAW_DATA!B1471 -> No | C1471: =RAW_DATA!C1471 -> Research & Development | D1471: =RAW_DATA!D1471 -> 8 | E1471: =RAW_DATA!E1471 -> 3 | F1471: =RAW_DATA!F1471 -> Medical | G1471: =RAW_DATA!G1471 -> 2 | H1471: =RAW_DATA!H1471 -> 3 | ... M1471: =RAW_DATA!M1471 -> 4 | N1471: =IF(B1471 ="Yes",1,0) -> 0 | O1471: =VLOOKUP(A1471, Lookup_Tables!$G$2:$H$6,2,TRUE) -> 25-34 | P1471: =_xlfn.XLOOKUP(J1471,Lookup_Tables!$J$2:$J$4,Lookup_Tables!$K$2:$K$4, " ",-1) -> Medium | Q1471: =_xlfn.XLOOKUP(M1471, Lookup_Tables!$M$2:$M$5,Lookup_Tables!$N$2:$N$5," ", -1) -> Early (2-5) | R1471: =AVERAGE(G1471,H1471,L1471) -> 3 | S1471: =_xlfn.XLOOKUP( E1471, Lookup_Tables!$A$2:$A$6,Lookup_Tables!$B$2:$B$6," ", -1) -> Bachelor | T1471: =_xlfn.XLOOKUP(G1471,Lookup_Tables!$D$2:$D$5,Lookup_Tables!$E$2:$E$5) -> Medium | U1471: =_xlfn.XLOOKUP(H1471,Lookup_Tables!$D$2:$D$5,Lookup_Tables!$E$2:$E$5) -> High | V1471: =_xlfn.XLOOKUP(L1471,Lookup_Tables!$D$2:$D$5,Lookup_Tables!$E$2:$E$5) -> Very High

Sheet ASSUMPTIONS
A1: Assumption | D1: Value | E1: Note
A2: Age band 1 max (Exclusive) | D2: 25 | E2: Age < this = "<25"
A3: Age band 2 max (Inclusive) | D3: 34 | E3: Age <= this = "25-34"
A4: Age band 3 max (Inclusive) | D4: 44 | E4: Age <= this = "35-44"
A5: Age band 4 max (Inclusive) | D5: 54 | E5: Age <= this = "45-54"; above = "55+"
A7: Income low max (Exclusive) | D7: 3000 | E7: MonthlyIncome < this = "Low"
A8: Income medium max (Inclusive) | D8: 7000 | E8: MonthlyIncome <= this = "Medium"; above = "High"
A10: Tenure new max (Exclusive) | D10: 2 | E10: YearsAtCompany < this = "New (0-2)"
A11: Tenure early max (Inxclusive) | D11: 5 | E11: YearsAtCompany <= this = "Early (2-5)"
A12: Tenure established max (Inxclusive) | D12: 10 | E12: YearsAtCompany <= this = "Established (5-10)"; above = "Veteran (10+)"

Sheet Lookup_Tables
A1: EducationCode | B1: EducationLabel | D1: SatisfactionCode | E1: SatisfactionLabel | G1: AgeLowerBound | H1: AgeGroupLabel | J1: IncomeLowerBound | K1: IncomeBandLabel | M1: TenureLowerBound | N1: TenureGroupLabel
A2: 1 | B2: Below College | D2: 1 | E2: Low | G2: 0 | H2: <25 | J2: 0 | K2: Low | M2: 0 | N2: New (0-2) | S2: =_xlfn.XLOOKUP(E2, Lookup_Tables!$A$2:$A$6, Lookup_Tables!$B$2:$B$6, " ",-1) -> Doctor
A3: 2 | B3: College | D3: 2 | E3: Medium | G3: 25 | H3: 25-34 | J3: 3000 | K3: Medium | M3: 2 | N3: Early (2-5)
A4: 3 | B4: Bachelor | D4: 3 | E4: High | G4: 35 | H4: 35-44 | J4: 7000 | K4: High | M4: 5 | N4: Established (5-10)
A5: 4 | B5: Master | D5: 4 | E5: Very High | G5: 45 | H5: 45-54 | M5: 10 | N5: Veteran (10+)
A6: 5 | B6: Doctor | G6: 55 | H6: 55+

Sheet PivotTables
A3: Department | B3: Average of AttritionFlag | D3: AgeGroup | E3: Average of AttritionFlag | G3: IncomeBand | H3: Average of AttritionFlag
A4: Sales | B4: 0.20627803 | D4: <25 | E4: 0.39175258 | G4: Low | H4: 0.28607595
A5: Human Resources | B5: 0.19047619 | D5: 25-34 | E5: 0.20216606 | G5: Medium | H5: 0.1203125
A6: Research & Development | B6: 0.1383975 | D6: 55+ | E6: 0.15942029 | G6: High | H6: 0.10804598
A7: Grand Total | B7: 0.16122449 | D7: 45-54 | E7: 0.10204082 | G7: Grand Total | H7: 0.16122449
D8: 35-44 | E8: 0.1009901
D9: Grand Total | E9: 0.16122449
A12: TenureGroup | B12: Average of AttritionFlag | D12: MaritalStatus | E12: Average of AttritionFlag | G12: Attrition | H12: Average of SatisfactionAvg | I12: Average of DistanceFromHome | J12: Average of NumCompaniesWorked
A13: New (0-2) | B13: 0.34883721 | D13: Divorced | E13: 0.10091743 | G13: No | H13: 2.7769667 | I13: 8.9156529 | J13: 2.6455799
A14: Early (2-5) | B14: 0.18082192 | D14: Married | E14: 0.12481426 | G14: Yes | H14: 2.5302391 | I14: 10.632911 | J14: 2.9409283
A15: Established (5-10) | B15: 0.11068702 | D15: Single | E15: 0.25531915 | G15: Grand Total | H15: 2.7371882 | I15: 9.192517 | J15: 2.6931973
A16: Veteran (10+) | B16: 0.10382514 | D16: Grand Total | E16: 0.16122449
A17: Grand Total | B17: 0.16122449

Sheet Dashboard
D1: HR Attrition Analysis Dashboard
D4: Total Employees | I4: Employees Who Left | N4: Overall Attrition Rate | S4: Avg Satisfaction
D5: =COUNTA(Clean_Data!B2:B1471) -> 1470 | I5: =COUNTIF(Clean_Data!B2:B1471,"Yes") -> 237 | N5: =AVERAGE(Clean_Data!N2:N1471) -> 0.16122449 | S5: =AVERAGE(Clean_Data!R2:R1471) -> 2.7371882
